longitude,latitude
-44.985278,-21.722222
-46.561389,-21.788056
-46.365556,-20.245556
-46.561389,-21.788056
-43.65,-19
-43.65,-19
-43.65,-19
-43.65,-19
-43.65,-19
-43.65,-19
-43.65,-19
-43.65,-19
-43.65,-19
-43.65,-19
-43.65,-19
-43.65,-19
-43.65,-19
-43.65,-19
-43.65,-19
-43.55,-19.23
-43.744722,-19.513611
-43.744722,-19.513611
-43.714167,-19.169167
-43.744722,-19.513611
-43.744722,-19.513611
-43.744722,-19.513611
-43.744722,-19.513611
-43.744722,-19.513611
-43.744722,-19.513611
-43.744722,-19.513611
-43.744722,-19.513611
-43.744722,-19.513611
-43.744722,-19.513611
-43.744722,-19.513611
-43.75,-19.5
-43.744722,-19.513611
-43.744722,-19.513611
-43.65,-19
-40.600278,-19.936389
-40.600278,-19.936389
-40.600278,-19.936389
-40.600278,-19.936389
-48.636944,-24.594167
-48.633611,-24.590556
-48.636944,-24.594167
-44.65,-22.82
-45.409722,-23.620278
-45.83,-23.63
-40.6,-19.9167
-46.529722,-23.66
-46.3167,-23.7833
-54.751667,-20.538056
-54.751667,-20.538056
-53.85526,-19.025
-54.751667,-20.538056
-54.753056,-20.538056
-54.753056,-20.538056
-54.751667,-20.538056
-54.751667,-20.538056
-54.751667,-20.538056
-54.753056,-20.538056
-54.75141,-20.538759
-53.856944,-19.02
-53.856944,-19.02
-53.856944,-19.02
-53.856944,-19.02
-45.195556,-23.138333
-45.31,-23.22
-46.7781,-10.5392
-48.119722,-22.280278
-43.714167,-19.168889
-44.569722,-22.64
-46.561389,-21.788056
-46.561389,-21.788056
-44.569722,-22.64
-44.569722,-22.64
-47.06,-22.9
-44.569722,-22.64
-44.569722,-22.64
-55.749444,-15.460833
-46.561389,-21.788056
-46.388056,-20.863611
-46.388056,-20.863611
-46.615278,-21.126944
-46.365556,-20.245556
-43.65,-19
-46.365556,-20.245556
-43.350278,-21.764444
-46.388056,-20.863611
-47.06,-22.9
-48.439722,-22.88
-47.06,-22.9
-43.714167,-19.169167
-43.744722,-19.513611
-43.744722,-19.513611
-43.744722,-19.513611
-43.744722,-19.513611
-43.744722,-19.513611
-43.744722,-19.513611
-43.744722,-19.513611
-43.744722,-19.513611
-43.744722,-19.513611
-43.744722,-19.513611
-43.744722,-19.513611
-43.744722,-19.513611
-43.744722,-19.513611
-43.744722,-19.513611
-43.744722,-19.513611
-43.744722,-19.513611
-43.744722,-19.513611
-43.744722,-19.513611
-43.744722,-19.513611
-43.744722,-19.513611
-43.744722,-19.513611
-43.744722,-19.513611
-43.744722,-19.513611
-44.5833,-22.6333
-44.5833,-22.6333
-50.13333,-29.96667
-50.13333,-29.96667
-50.13333,-29.96667
-46.51667,-23.66667
-46.51667,-23.66667
-46.51667,-23.66667
-46.51667,-23.66667
-46.51667,-23.66667
-46.51667,-23.66667
-49.2667,-25.4833
-44.75,-22.5667
-44.75,-22.5667
-44.75,-22.5667
-44.75,-22.5667
-44.75,-22.5667
-44.75,-22.5667
-44.75,-22.5667
-44.75,-22.5667
-44.75,-22.5667
-44.75,-22.5667
-44.75,-22.5667
-44.75,-22.5667
-44.75,-22.5667
-44.75,-22.5667
-46.3167,-23.7833
-46.3167,-23.7833
-46.3167,-23.7833
-46.3167,-23.7833
-49.272,-25.4297
-53.8,-29.68333
-53.8,-29.68333
-53.8,-29.68333
-53.8,-29.68333
-44.75,-22.56667
-53.8,-29.68333
-53.8,-29.68333
-41.760528,-20.586444
-41.760528,-20.586444
-54.751667,-20.538056
-54.751667,-20.538056
-54.751667,-20.538056
-54.751667,-20.538056
-54.751667,-20.538056
-54.751667,-20.538056
-40.737811,-19.688961
-54.751667,-20.538056
-54.751667,-20.538056
-54.751667,-20.538056
-54.751667,-20.538056
-54.751667,-20.538056
-73.440306,4.517
-54.751667,-20.538056
-54.751667,-20.538056
-54.751667,-20.538056
-54.751667,-20.538056
-73.440306,4.517
-75.026804,9.191539
-73.420278,4.507972
-60.089556,-3.048214
-61.380814,10.414003
-61.416707,10.627753
-73.584985,4.072393
-73.674911,7.113762
-49.983056,-9.404722
-48.189806,-7.104725
-68.468278,5.551556
-56.619111,-18.988056
-68.464083,5.558361
-70.209367,6.734083
-70.49605,6.647267
-70.198283,6.7121
-68.464097,5.558397
-68.468433,5.55195
-68.466028,5.573444
-68.464097,5.558397
-68.464528,5.569222
-68.468111,5.57275
-68.464528,5.569222
-75.052714,9.119322
-75.055203,9.156295
-75.04927,9.1468
-57.510619,-19.022219
-57.510619,-19.022219
-54.751667,-20.538056
-39.852778,-19.548889
-54.751667,-20.538056
-40.983333,-18.587222
-40.983333,-18.587222
-54.751667,-20.538056
-60.03713,4.72522
-39.834531,-19.574056
-39.834531,-19.574056
-40.731667,-19.673611
-40.731667,-19.673611
-65.391245,-16.971464
-48.189806,-7.104725
-69.769722,6.378333
-69.854444,6.41
-68.854028,5.804833
-74.785556,5.181944
-74.793611,5.3675
-74.793611,5.3675
-68.854028,5.804833
-74.785556,5.181944
-74.793611,5.3675
-68.480306,5.744194
-68.854167,5.804722
-68.83875,5.791139
-74.793611,5.3675
-74.049167,6.494167
-68.839333,5.800139
-72.366944,4.895278
-72.366944,4.895278
-72.366944,4.895278
-74.778889,5.386389
-74.793611,5.3675
-68.89125,5.803417
-61.23144,10.58664
-68.473694,5.743972
-68.488056,5.752306
-68.480472,5.744806
-75.054285,9.156408
-61.23144,10.58664
-68.5025,5.720556
-61.22897,10.5822
-60.575775,11.313927
-54.75141,-20.538759
-54.876669,-20.759263
-71.48194,5.91234
-71.484064,5.943836
-73.03817,4.20319
-71.496822,5.908142
-73.03531,4.19746
-71.486578,5.934747
-71.481939,5.912339
-73.02831,4.19697
-71.484939,5.944064
-71.460836,5.930333
-71.497489,5.907761
-71.496822,5.908142
-73.0453,4.21795
-71.496944,5.908056
-71.487136,5.934483
-71.481939,5.912339
-71.486578,5.934747
-71.484381,5.944036
-71.481944,5.912222
-71.528639,6.000222
-71.496822,5.908142
-71.487222,5.934444
-71.879586,5.584564
-71.881722,5.589539
-71.881722,5.589539
-73.1768,4.12862
-73.874833,9.200028
-71.879722,5.584444
-73.829444,9.213889
-71.879586,5.584564
-72.211686,5.794111
-71.881722,5.589539
-71.879722,5.584444
-71.881667,5.589444
-72.503083,2.491806
-71.879586,5.584564
-71.879586,5.584564
-71.564464,6.227583
-71.879586,5.584564
-73.829444,9.213889
-71.881667,5.589444
-71.879722,5.584444
-71.879722,5.584444
-71.879722,5.584444
-73.16365,4.18882
-71.879586,5.584564
-71.879586,5.584564
-73.829306,9.213917
-71.881667,5.589444
-71.879722,5.584444
-71.564444,6.2275
-73.1377,4.17914
-71.879722,5.584444
-73.17633,3.4388
-71.879586,5.584564
-73.829306,9.213917
-71.879722,5.584444
-73.829444,9.213889
-71.881722,5.589539
-71.879722,5.584444
-71.879722,5.584444
-71.776944,6.281944
-71.879586,5.584564
-71.881722,5.589539
-73.47166,3.8764
-71.879722,5.584444
-71.881667,5.589444
-73.17629,3.43883
-73.776278,9.297639
-71.879722,5.584444
-71.879586,5.584564
-71.879586,5.584564
-71.879722,5.584444
-71.879586,5.584564
-71.881722,5.589539
-71.879586,5.584564
-71.879722,5.584444
-71.879722,5.584444
-71.879722,5.584444
-71.881667,5.589444
-71.879586,5.584564
-72.211667,5.794167
-71.879586,5.584564
-71.879722,5.584444
-71.881722,5.589539
-71.879586,5.584564
-71.881667,5.589444
-73.829444,9.213889
-71.776861,6.282028
-73.828944,9.212417
-71.881667,5.589444
-73.875833,9.201111
-71.879586,5.584564
-73.829306,9.213917
-71.879722,5.584444
-71.879586,5.584564
-73.829306,9.213917
-71.564464,6.227583
-71.564464,6.227583
-70.226944,6.008889
-71.564167,6.2275
-71.564189,6.22745
-71.564444,6.2275
-70.226944,6.008889
-71.564189,6.22745
-71.564444,6.2275
-71.564464,6.227583
-70.226944,6.008889
-71.564167,6.2275
-71.564167,6.2275
-71.564444,6.2275
-70.155,6.094444
-71.564189,6.22745
-71.564167,6.2275
-71.564464,6.227583
-71.564167,6.2275
-71.564189,6.22745
-71.564189,6.22745
-71.564444,6.2275
-71.564444,6.2275
-71.564167,6.2275
-71.564444,6.2275
-71.564464,6.227583
-71.568386,6.212872
-71.564167,6.2275
-71.564189,6.22745
-71.564167,6.2275
-71.568333,6.212778
-71.564189,6.22745
-71.568386,6.212872
-71.564444,6.2275
-70.226944,6.008889
-70.155,6.094444
-70.155,6.094444
-70.226944,6.008889
-70.226944,6.008889
-71.564189,6.22745
-71.564167,6.2275
-71.568333,6.212778
-71.564464,6.227583
-71.564189,6.22745
-70.226944,6.008889
-71.564464,6.227583
-71.564444,6.2275
-70.226944,6.008889
-71.564464,6.227583
-71.564444,6.2275
-70.226944,6.008889
-70.155,6.094444
-71.564464,6.227583
-71.564464,6.227583
-70.226944,6.008889
-71.564167,6.2275
-70.155,6.094444
-70.226944,6.008889
-71.564189,6.22745
-71.564444,6.2275
-73.05915,4.19267
-73.22295,4.16297
-73.03531,4.19746
-74.367694,7.115639
-74.354028,7.117417
-73.42569,4.27168
-61.192,10.602
-70.752778,5.156389
-70.752778,5.156389
-70.752778,5.156389
-70.752778,5.156389
-70.752778,5.156389
-70.752778,5.156389
-70.752778,5.156389
-70.752778,5.156389
-70.752778,5.156389
-70.752778,5.156389
-70.752778,5.156389
-71.878611,5.585556
-70.706111,5.6225
-70.686111,5.6225
-71.581667,6.240278
-71.879586,5.584564
-71.879722,5.584444
-71.879444,5.582222
-71.876353,5.583744
-71.875033,5.579769
-70.706111,5.6225
-70.686667,5.623056
-71.581667,6.240278
-70.706111,5.6225
-71.876389,5.583611
-71.879308,5.582303
-71.876389,5.583611
-71.876389,5.583611
-70.686667,5.623056
-71.581728,6.240408
-71.906169,5.570853
-71.879722,5.584444
-70.686667,5.62
-71.879308,5.582303
-70.686667,5.623056
-70.706944,5.620833
-71.879722,5.584444
-71.879308,5.582303
-70.706111,5.6225
-70.229722,6.005556
-71.879586,5.584564
-70.686111,5.6225
-71.879444,5.582222
-70.706111,5.6225
-71.876353,5.583744
-70.706111,5.6225
-71.879722,5.584444
-70.706111,5.6225
-71.879444,5.582222
-70.686667,5.62
-71.865,6.269722
-71.581728,6.240408
-71.581111,6.237778
-70.686667,5.62
-71.581667,6.240278
-70.706111,5.6225
-70.706111,5.6225
-71.906111,5.570833
-70.706111,5.6225
-71.580586,6.240619
-71.879444,5.582222
-70.686667,5.623056
-71.879586,5.584564
-70.706111,5.6225
-71.879308,5.582303
-70.706111,5.6225
-71.879444,5.582222
-71.876353,5.583744
-71.879308,5.582303
-70.686667,5.62
-71.581667,6.240278
-71.581728,6.240408
-71.879722,5.584444
-71.581667,6.240278
-71.878611,5.585556
-71.879308,5.582303
-71.879722,5.584444
-70.229722,6.005556
-70.706111,5.6225
-70.686667,5.62
-70.706111,5.6225
-71.879586,5.584564
-70.706111,5.6225
-71.598922,6.218925
-71.879444,5.582222
-70.706111,5.6225
-71.879722,5.584444
-71.876353,5.583744
-70.706944,5.620833
-71.581175,6.237767
-71.879586,5.584564
-71.876353,5.583744
-71.879586,5.584564
-71.876353,5.583744
-71.878622,5.585425
-70.706944,5.620833
-71.879586,5.584564
-71.876389,5.583611
-71.879722,5.584444
-70.706111,5.6225
-70.686667,5.623056
-71.580556,6.240556
-71.879308,5.582303
-71.864889,6.26975
-71.879586,5.584564
-71.876389,5.583611
-70.706111,5.6225
-71.875033,5.579769
-70.686667,5.62
-70.706944,5.620833
-71.580556,6.240556
-71.879722,5.584444
-70.686667,5.623056
-71.879586,5.584564
-71.581667,6.240278
-70.686111,5.6225
-71.879722,5.584444
-71.879586,5.584564
-71.879722,5.584444
-71.879586,5.584564
-71.581728,6.240408
-71.878622,5.585425
-71.879722,5.584444
-70.706111,5.6225
-71.875,5.579722
-71.876389,5.583611
-71.875,5.579722
-70.686667,5.623056
-71.876389,5.583611
-71.879586,5.584564
-70.706111,5.6225
-70.686667,5.62
-70.229722,6.005556
-71.598889,6.218889
-71.879308,5.582303
-70.706944,5.620833
-70.706111,5.6225
-70.706111,5.6225
-70.686111,5.6225
-71.879722,5.584444
-71.879586,5.584564
-71.879444,5.582222
-71.879444,5.582222
-70.706944,5.620833
-71.879722,5.584444
-70.706111,5.6225
-71.598922,6.218925
-70.686667,5.62
-71.580586,6.240619
-71.879586,5.584564
-71.598889,6.218889
-71.879586,5.584564
-70.706111,5.6225
-71.581728,6.240408
-71.581728,6.240408
-71.879586,5.584564
-71.879722,5.584444
-71.876353,5.583744
-71.879722,5.584444
-71.581111,6.237778
-71.598889,6.219444
-43.850824,-4.385082
-71.581728,6.240408
-71.581667,6.240278
-71.581728,6.240408
-71.581667,6.240278
-71.581728,6.240408
-71.821944,6.356944
-71.821861,6.357028
-71.581667,6.240278
-71.821944,6.356944
-43.850824,-4.385082
-72.503083,2.491806
-71.598831,6.219481
-71.821861,6.357028
-71.581175,6.237767
-74.826111,5.062722
-45.933333,-23.066667
-74.800944,5.151111
-74.8603,5.0689
-74.863139,5.066889
-74.8603,5.0689
-74.804472,5.147694
-74.8631,5.0669
-74.8028,5.1492
-74.802833,5.149222
-74.8009,5.1511
-74.860278,5.068861
-74.8603,5.0689
-74.8603,5.0689
-74.8603,5.0689
-73.328083,4.762944
-74.8261,5.0627
-74.860278,5.068861
-74.860278,5.068861
-74.860278,5.068861
-74.860278,5.068861
-74.8045,5.1477
-74.8603,5.0689
-74.860278,5.068861
-61.610458,10.691677
-51.707361,-20.993472
-42.235,-20.60225
-51.707361,-20.993472
-51.707361,-20.993472
-51.707361,-20.993472
-51.707361,-20.993472
-51.707361,-20.993472
-72.496111,5.382778
-76.8201,8.5381
-77.11445,8.35607
-76.85709,8.61304
-59.524,2.825
-59.524,2.825
-72.3755,5.515917
-59.524,2.825
-59.524,2.825
-59.524,2.825
-59.524,2.825
-59.524,2.825
-59.524,2.825
-59.524,2.825
-74.099131,10.790342
-74.243472,10.898003
-74.234658,10.865314
-74.244892,10.892689
-74.099517,10.789181
-42.235,-20.60225
-74.241078,10.589275
-74.78157,4.65954
-74.779278,4.661167
-74.310133,10.673017
-74.6529,10.303733
-74.77956,4.6596
-71.154722,6.567778
-74.779667,4.661222
-74.656925,10.301119
-74.309389,10.678078
-74.172083,10.537372
-74.243672,10.585858
-74.655875,10.291103
-74.238169,10.587728
-74.316539,10.673281
-74.098517,10.789431
-64.431676,-31.638346
-49.964917,-25.064361
-57.7517,-30.5217
-57.7517,-30.5217
-53.65,-32.3117
-57.7517,-30.5217
-53.65,-32.3117
-53.65,-32.3117
-57.7517,-30.5217
-57.7517,-30.5217
-55.67354,-30.88333
-56.01667,-31.26372
-55.67354,-30.88333
-56.01667,-31.26372
-56.01667,-31.26372
-55.67354,-30.88333
-64.333,-20.7
-54.1,-31.33333
-54.1,-31.33333
-54.1,-31.33333
-48.66667,-27.85
-48.66667,-27.85
-48.66667,-27.85
-55.75,-34.7667
-55.75,-34.7667
-55.75,-34.7667
-55.75,-34.7667
-55.75,-34.7667
-55.75,-34.7667
-55.75,-34.7667
-55.75,-34.7667
-55.75,-34.7667
-55.75,-34.7667
-55.75,-34.7667
-55.75,-34.7667
-55.75,-34.7667
-55.75,-34.7667
-55.75,-34.7667
-55.75,-34.7667
-55.75,-34.7667
-55.75,-34.7667
-55.75,-34.7667
-55.75,-34.7667
-55.75,-34.7667
-55.75,-34.7667
-55.75,-34.7667
-55.75,-34.7667
-55.75,-34.7667
-55.75,-34.7667
-55.75,-34.7667
-55.75,-34.7667
-55.75,-34.7667
-55.75,-34.7667
-55.75,-34.7667
-55.75,-34.7667
-55.75,-34.7667
-55.75,-34.7667
-55.75,-34.7667
-55.75,-34.7667
-55.75,-34.7667
-55.75,-34.7667
-55.75,-34.7667
-55.75,-34.7667
-55.75,-34.7667
-55.75,-34.7667
-55.75,-34.7667
-55.75,-34.7667
-55.75,-34.7667
-55.75,-34.7667
-55.75,-34.7667
-55.75,-34.7667
-55.75,-34.7667
-55.75,-34.7667
-55.75,-34.7667
-55.75,-34.7667
-55.75,-34.7667
-55.75,-34.7667
-55.75,-34.7667
-55.75,-34.7667
-55.75,-34.7667
-55.75,-34.7667
-55.75,-34.7667
-55.75,-34.7667
-55.765836,-32.522778
-37.41667,-11.41667
-48.4833,-27.6667
-48.4833,-27.6667
-65.4681,-26.8167
-65.4681,-26.8167
-65.4681,-26.8167
-56.0583,-22.6333
-54.106667,-31.331667
-57.32,-26.4
-57.32,-26.4
-57.03,-26.79
-57.32,-26.4
-57.32,-26.4
-58.2963,-26.86771
-64.35,-33.1333
-55.6741,-24.2698
-55.9464,-23.2239
-55.9464,-23.2239
-55.9464,-23.2239
-55.7833,-23.8167
-55.9464,-23.2239
-55.9464,-23.2239
-57.6,-25.47
-48.7667,-27.6833
-48.7667,-27.6833
-48.7667,-27.6833
-48.7667,-27.6833
-48.7667,-27.6833
-48.7667,-27.6833
-48.7667,-27.6833
-48.7667,-27.6833
-48.7667,-27.6833
-48.7667,-27.6833
-48.7667,-27.6833
-48.7667,-27.6833
-48.7667,-27.6833
-48.7667,-27.6833
-56.7667,-25.1667
-56.7667,-25.1667
-49.299722,-28.713333
-49.299722,-28.713333
-49.299722,-28.713333
-49.299722,-28.713333
-49.299722,-28.713333
-49.299722,-28.713333
-46.63,-23.540278
-48.670278,-28.24
-48.670278,-28.24
-43.744722,-19.513611
-46.63,-23.540278
-46.63,-23.540278
-46.63,-23.540278
-46.63,-23.540278
-46.63,-23.540278
-46.56,-23.690278
-64.25,-32.2
-51.2,-30.16323
-46.529722,-23.66
-44.5833,-22.6333
-51.3333,-29.3
-64.25,-32.2
-64.25,-32.2
-58.944167,-26.181389
-46.51667,-23.66667
-46.51667,-23.66667
-50.26667,-29.9
-50.26667,-29.9
-50.26667,-29.9
-46.316667,-23.783333
-49.5667,-28.6667
-49.5667,-28.6667
-58.990002,-27.465045
-58.10148,-27.922366
-60.907812,-32.900559
-64.812164,-31.650988
-60.907812,-32.900559
-58.133447,-25.125824
-58.963755,-31.986206
-64,-23
-54.928379,-27.017782
-60.907812,-32.900559
-58.687124,-34.373824
-65.255272,-34.756711
-64.818801,-31.688825
-54.282452,-25.918967
-60.907812,-32.900559
-58.785538,-30.952122
-60.907812,-32.900559
-59.556889,-35.269592
-60.907812,-32.900559
-64.054945,-32.595775
-61.512344,-35.088165
-61.589723,-32.441393
-64.812164,-31.650988
-61.771439,-29.231714
-61.771439,-29.231714
-60.907812,-32.900559
-58.10148,-27.922366
-60.907812,-32.900559
-53.693267,-26.260181
-58.634528,-34.420483
-60.907812,-32.900559
-60.907812,-32.900559
-56.001136,-27.652326
-65.142547,-31.434956
-61.771439,-29.231714
-53.8,-29.68333
-65.142547,-31.434956
-59.215723,-31.653153
-64,-23
-60.907812,-32.900559
-58.697672,-34.415856
-61.771439,-29.231714
-56.388425,-27.616912
-60.907812,-32.900559
-59.215723,-31.653153
-58.634528,-34.420483
-55.957238,-34.716564
-60.907812,-32.900559
-60.907812,-32.900559
-60.907812,-32.900559
-58.785538,-30.952122
-60.907812,-32.900559
-56.729337,-27.483758
-65.142547,-31.434956
-65.142547,-31.434956
-59.551018,-30.923885
-51.03333,-30.08333
-60.907812,-32.900559
-60.907812,-32.900559
-57.858095,-28.681721
-48.76667,-27.68333
-65.005212,-31.638817
-65.142547,-31.434956
-54.504869,-25.857071
-58.634528,-34.420483
-60.73054,-31.49567
-64.812164,-31.650988
-65.142547,-31.434956
-58.862937,-34.173237
-61.282603,-27.325633
-60.73054,-31.49567
-53.8,-29.68333
-60.907812,-32.900559
-64.818801,-31.688825
-62.600504,-35.351172
-60.907812,-32.900559
-60.907812,-32.900559
-60.907812,-32.900559
-58.774358,-29.222663
-52.69181,-32.95
-65.297019,-24.184299
-60.907812,-32.900559
-60.907812,-32.900559
-58.261611,-31.884252
-59.215723,-31.653153
-62.22591,-34.134338
-58.1333,-27.95
-60.907812,-32.900559
-59.556889,-35.269592
-62.22591,-34.134338
-60.907812,-32.900559
-60.907812,-32.900559
-66.092246,-32.813396
-61.771439,-29.231714
-65.042243,-32.057566
-60.907812,-32.900559
-59.004976,-32.02897
-58.963755,-31.986206
-53.8,-29.68333
-58.774358,-29.222663
-59.235421,-31.53696
-53.8,-29.6833
-64.054945,-32.595775
-64.572359,-31.148775
-61.135117,-27.832943
-65.142547,-31.434956
-58.634528,-34.420483
-60.907812,-32.900559
-60.907812,-32.900559
-64.573193,-31.908587
-60.402024,-36.412991
-54.928379,-27.017782
-64.936674,-31.990386
-65.005212,-31.638817
-59.235421,-31.53696
-44.5833,-22.6333
-54.504869,-25.857071
-58.869773,-34.230186
-59.556889,-35.269592
-60.907812,-32.900559
-60.907812,-32.900559
-60.907812,-32.900559
-64.368319,-30.982469
-58.360418,-24.883507
-58.634528,-34.420483
-64.054945,-32.595775
-62.22591,-34.134338
-59.235421,-31.53696
-53.8,-29.6833
-57.940325,-22.211745
-59.556889,-35.269592
-58.586835,-34.422329
-60.907812,-32.900559
-61.771439,-29.231714
-61.771439,-29.231714
-43.875,-21.681944
-46.365556,-20.245556
-46.365556,-20.245556
-43.714167,-19.169167
-43.714167,-19.169167
-46.3167,-23.7833
-49.983056,-9.404722
-43.282933,-21.760148
-54.86564,-20.43773
-54.931111,-19.790833
-54.931111,-19.790833
-48.29449,-10.297413
-54.577194,-20.429447
-54.577194,-20.429447
-54.577194,-20.429447
-54.577194,-20.429447
-54.577194,-20.429447
-54.577194,-20.429447
-54.577194,-20.429447
-54.577194,-20.429447
-54.577194,-20.429447
-54.577194,-20.429447
-54.577194,-20.429447
-54.577194,-20.429447
-54.577194,-20.429447
-54.577194,-20.429447
-54.577194,-20.429447
-54.577194,-20.429447
-54.577194,-20.429447
-54.577194,-20.429447
-54.577194,-20.429447
-54.577194,-20.429447
-54.577194,-20.429447
-54.577194,-20.429447
-54.577194,-20.429447
-54.577194,-20.429447
-54.577194,-20.429447
-54.577194,-20.429447
-45.933333,-23.066667
-57.622222,-19.240833
-50.239917,-24.578778
-54.600714,-20.467375
-54.600714,-20.467375
-54.148056,-16.873333
-54.148056,-16.873333
-57.625833,-19.205
-45.31,-23.22
-45.31,-23.22
-46.754167,-10.546278
-46.754167,-10.546278
-49.961472,-9.310583
-49.967583,-9.310472
-49.967583,-9.310472
-35.493333,-9.238889
-46.757361,-10.5565
-46.757361,-10.5565
-46.757361,-10.5565
-48.119722,-22.280278
-48.119722,-22.280278
-54.985,-19.412
-56.44,-21.163
-62.061944,-11.2625
-55.78,-15.42
-55.78,-15.42
-49.528889,-11.796944
-42.139167,-19.789722
-42.699167,-9.015556
-47.7,-21.6
-47.7,-21.6
-47.7,-21.6
-47.7,-21.6
-47.069167,-22.821111
-57.59,-22.76
-49.117778,-5.368611
-56.0583,-22.6333
-56.0583,-22.6333
-56.0583,-22.6333
-47.069722,-22.816944
-54.95461,-26.66415
-54.95461,-26.66415
-54.95461,-26.66415
-46.388056,-20.863611
-46.561389,-21.788056
-54.5167,-25.3
-57.05,-26.02
-54.5167,-25.3
-46.388056,-20.863611
-56.51,-23.43
-43.846667,-19.985833
-58.833333,-23.5
-50.4167,-22.6667
-47.06,-22.9
-47.06,-22.9
-43.744722,-19.513611
-43.744722,-19.513611
-43.744722,-19.513611
-43.744722,-19.513611
-43.744722,-19.513611
-43.744722,-19.513611
-43.744722,-19.513611
-43.744722,-19.513611
-43.744722,-19.513611
-43.744722,-19.513611
-43.714167,-19.169167
-43.744722,-19.513611
-43.744722,-19.514167
-43.744722,-19.513611
-43.744722,-19.513611
-43.744722,-19.513611
-36.940556,-8.496944
-44.5667,-17.9
-44.5667,-17.9
-47.8,-21.1667
-46.6167,-23.5333
-43.9333,-19.9167
-57.63333,-19.15
-57.6333,-19.15
-43.2333,-22.9
-43.9333,-19.9167
-38.525783,-3.728175
-35.424117,-5.641383
-35.185933,-6.114328
-35.424117,-5.641383
-35.424117,-5.641383
-35.424117,-5.641383
-35.207967,-6.091539
-35.424117,-5.641383
-35.424117,-5.641383
-35.424117,-5.641383
-35.424117,-5.641383
-46.15,-23.85
-54.840004,-27.117327
-75.9,-9.55
-54.928379,-27.017782
-60.625866,-19.282185
-63.157884,-17.788931
-79.2667,0.1167
-55.792627,-27.75071
-60.625866,-19.282185
-50.15,-25.0833
-79.2667,0.1167
-46.6167,-23.5333
-48.17302,-21.742423
-43.9333,-19.9167
-49.2667,-23.1833
-46.7658,-12.9008
-41.084039,-20.516783
-43.631389,-16.797778
-44.206111,-18.36
-44.206111,-18.36
-44.206111,-18.36
-43.631389,-16.797778
-40.066711,-19.839517
-40.066711,-19.839517
-40.066711,-19.839517
-45.933403,-23.72848
-48.493072,-27.488762
-40.32225,-19.794917
-54.94,-19.801667
-40.57,-20.326389
-40.32225,-19.794917
-40.57,-20.326389
-58.478626,-34.594206
-40.638333,-20.455556
-40.335111,-19.818889
-40.335111,-19.818889
-40.335111,-19.818889
-51.054067,-31.303442
-57.510619,-19.022219
-57.510619,-19.022219
-57.510619,-19.022219
-57.510619,-19.022219
-57.510619,-19.022219
-57.510619,-19.022219
-57.510619,-19.022219
-58.256344,-31.865708
-40.848889,-18.332778
-58.256344,-31.865708
-58.256344,-31.865708
-61.905289,10.060711
-39.852778,-19.548889
-40.978169,-18.521125
-39.852778,-19.548889
-40.731667,-19.673611
-39.84265,-19.57405
-69.854444,6.393889
-72.366944,4.895278
-72.366944,4.895278
-72.366944,4.895278
-72.366944,4.895278
-58.478626,-34.594206
-40.600119,-19.935778
-40.316667,-19.783333
-40.316667,-19.783333
-71.496944,5.908056
-71.4975,5.907778
-71.482222,5.912222
-71.565,6.006944
-71.486944,5.934444
-71.4975,5.907778
-71.496944,5.908056
-71.496944,5.908056
-71.5525,5.998611
-71.5525,5.998611
-71.4975,5.907778
-71.496944,5.908056
-71.881722,5.589539
-71.85435,5.517425
-71.600275,6.2006
-71.600278,6.200556
-71.85435,5.517425
-71.881667,5.589444
-71.85435,5.517425
-42.235,-20.60225
-71.854444,5.5175
-71.854444,5.5175
-71.85435,5.517425
-71.85435,5.517425
-71.854444,5.5175
-71.85435,5.517425
-42.235,-20.60225
-71.854444,5.5175
-71.85435,5.517425
-71.854444,5.5175
-42.235,-20.60225
-71.854444,5.5175
-71.854444,5.5175
-54.75141,-20.538759
-54.75141,-20.538759
-70.229722,6.005556
-70.211111,6.036944
-70.752778,5.156389
-70.752778,5.156389
-70.752778,5.156389
-70.752778,5.156389
-70.752778,5.156389
-70.752778,5.156389
-70.752778,5.156389
-70.752778,5.156389
-70.752778,5.156389
-70.752778,5.156389
-70.752778,5.156389
-70.752778,5.156389
-70.752778,5.156389
-70.752778,5.156389
-70.752778,5.156389
-70.752778,5.156389
-70.752778,5.156389
-70.752778,5.156389
-70.752778,5.156389
-70.752778,5.156389
-70.752778,5.156389
-70.752778,5.156389
-70.752778,5.156389
-70.752778,5.156389
-70.686667,5.62
-70.686667,5.62
-71.879308,5.582303
-71.581667,6.240278
-70.706944,5.620833
-70.686667,5.623056
-70.706944,5.620833
-70.706944,5.620833
-70.706111,5.6225
-70.686667,5.62
-71.879444,5.582222
-70.706111,5.6225
-70.686667,5.62
-70.706944,5.620833
-70.686667,5.62
-70.686667,5.62
-70.686667,5.62
-70.686667,5.62
-70.686667,5.62
-70.686667,5.62
-70.686667,5.62
-71.581728,6.240408
-40.385,-17.9425
-49.217128,-19.91345
-49.217128,-19.91345
-49.217128,-19.91345
-40.540447,-19.965183
-51.411667,-20.357222
-42.176944,-22.328611
-58.768187,-30.951114
-71.134167,6.553611
-70.894167,6.551944
-51.707361,-20.993472
-51.707361,-20.993472
-71.07,6.815556
-51.707361,-20.993472
-59.439468,-29.840048
-51.707361,-20.993472
-57.241349,-34.357571
-56.893889,-34.079444
-57.197311,-28.547123
-72.089167,4.647778
-72.089167,4.647778
-72.089167,4.647778
-72.089167,4.647778
-58.916287,-34.412999
-72.089167,4.647778
-57.176804,-35.474892
-58.022222,-30.463056
-58.022222,-30.463056
-70.752778,5.156389
-67.722222,6.09
-57.597222,-29.983056
-56.626599,-16.266471
-71.75825,6.38145
-60.200278,-24.209722
-40.183333,-20.1025
-40.330108,-20.415172
-58.037222,-28.735278
-72.3775,4.909444
-72.3775,4.909444
-53.9,-24.7375
-58.876977,-34.814614
-72.3775,4.909444
-72.3775,4.909444
-72.3775,4.909444
-48.35,-23.4
-74.70575,8.824611
-74.341927,2.007201
-74.70575,8.824611
-74.70575,8.824611
-74.70575,8.824611
-74.70575,8.824611
-40.183333,-20.1025
-39.844167,-18.355278
-39.844167,-18.355278
-39.844167,-18.355278
-39.844167,-18.355278
-39.844167,-18.355278
-40.521944,-20.281111
-40.521944,-20.281111
-40.521944,-20.281111
-57.833056,-28.371667
-56.742222,-27.52
-56.742222,-27.52
-40.630556,-19.54
-40.630556,-19.54
-57.144167,-28.4275
-40.471111,-20.551667
-40.456667,-20.290833
-40.456667,-20.290833
-41.124167,-21.228333
-56.663889,-28.081389
-56.685278,-28.096667
-56.663889,-28.081389
-56.496111,-27.889167
-40.521944,-20.281111
-57.144167,-28.4275
-40.499738,-20.67412
-40.415955,-20.597116
-40.801667,-20.550833
-40.801667,-20.550833
-56.685278,-28.096667
-56.685278,-28.096667
-56.942778,-27.478333
-52.84977,5.28975
-40.521944,-20.281111
-40.600278,-19.935556
-58.071389,-28.023611
-48.36,-24.090278
-48.36,-24.090278
-40.600278,-19.935556
-40.600278,-19.935556
-40.600278,-19.935556
-40.600278,-19.935556
-40.600278,-19.935556
-41.286389,-21.599722
-41.26,-21.533889
-41.2175,-21.453889
-41.137778,-21.286389
-40.600278,-19.935556
-40.600278,-19.935556
-40.35,-20.316667
-40.35,-20.316667
-40.600278,-19.935556
-40.600278,-19.935556
-40.600278,-19.935556
-40.645556,-20.805833
-40.645556,-20.805833
-72.58,5.15
-72.58,5.15
-71.05,4.95
-71.05,4.95
-71.05,4.95
-71.05,4.95
-71.05,4.95
-71.05,4.95
-71.05,4.95
-71.05,4.95
-71.05,4.95
-71.05,4.95
-71.05,4.95
-40.600278,-19.935556
-71.05,4.95
-40.600278,-19.935556
-40.600278,-19.935556
-40.600278,-19.935556
-40.600278,-19.935556
-40.600278,-19.935556
-40.600278,-19.935556
-40.600278,-19.935556
-40.600278,-19.935556
-40.600278,-19.935556
-40.600278,-19.935556
-40.490833,-20.358611
-40.490833,-20.358611
-40.600278,-19.935556
-40.600278,-19.935556
-40.600278,-19.935556
-40.600278,-19.935556
-40.600278,-19.935556
-40.683056,-20.412778
-40.490833,-20.358611
-40.490833,-20.358611
-40.466667,-20.266667
-40.600278,-19.935556
-40.600278,-19.935556
-40.600278,-19.935556
-40.600278,-19.935556
-52.57869,5.10964
-40.490833,-20.358611
-40.600278,-19.935556
-46.13,-23.850278
-46.13,-23.850278
-46.13,-23.850278
-46.13,-23.850278
-46.13,-23.850278
-46.13,-23.850278
-46.13,-23.850278
-46.13,-23.850278
-40.4975,-20.666667
-40.4975,-20.666667
-40.4975,-20.666667
-39.732222,-18.593333
-40.600278,-19.935556
-40.600278,-19.935556
-40.600278,-19.935556
-40.533333,-19.95
-40.533333,-19.95
-40.600278,-19.935556
-40.533333,-19.95
-40.600278,-19.935556
-40.533333,-19.95
-40.416667,-20.266667
-39.858889,-18.716111
-40.416667,-20.266667
-40.072222,-19.391111
-39.104167,-13.945278
-40.072222,-19.391111
-40.533333,-19.95
-40.337778,-20.319444
-40.416667,-20.266667
-40.072222,-19.391111
-40.072222,-19.391111
-40.072222,-19.391111
-40.072222,-19.391111
-40.072222,-19.391111
-40.630556,-19.539444
-58.9775,-30.1275
-58.894167,-30.1275
-40.406667,-19.9325
-41.046667,-21.098889
-41.046667,-21.098889
-41.046667,-21.098889
-41.046667,-21.098889
-41.046667,-21.098889
-41.046667,-21.098889
-41.046667,-21.098889
-41.046667,-21.098889
-41.046667,-21.098889
-39.732222,-18.593333
-39.732222,-18.593333
-39.732222,-18.593333
-40.533333,-19.95
-43.226944,-19.62
-56.675,-28.101389
-39.933333,-19.391111
-40.4975,-20.666667
-39.933333,-19.391111
-39.933333,-19.391111
-39.722222,-19.2
-39.778333,-19.118611
-39.778333,-19.118611
-40.072222,-19.391111
-40.072222,-19.391111
-40.072222,-19.391111
-40.072222,-19.391111
-40.072222,-19.391111
-40.072222,-19.391111
-40.072222,-19.391111
-55.6333,-26.5833
-55.6333,-26.5833
-55.6333,-26.5833
-41.046667,-21.098889
-55.6333,-26.5833
-55.6333,-26.5833
-55.7,-26.2
-40.072222,-19.391111
-55.5333,-26.1167
-55.7,-26.2
-55.7,-26.2
-59.101389,-28.985556
-40.600278,-19.935556
-52.66888,5.10941
-55.638611,-28.167778
-55.638611,-28.167778
-55.638611,-28.167778
-55.638611,-28.167778
-40.42,-20.263889
-48.119722,-22.280278
-39.104167,-13.945278
-40.645556,-20.805833
-40.645556,-20.805833
-58.7275,-27.094167
-40.600278,-19.935556
-40.645556,-20.805833
-40.645556,-20.805833
-40.645556,-20.805833
-40.645556,-20.805833
-57.891111,-28.39
-57.891111,-28.39
-57.891111,-28.39
-57.891111,-28.39
-57.588611,-27.993056
-48.119722,-22.280278
-58.226389,-28.045278
-58.653333,-27.455
-55.844167,-27.944167
-55.844167,-27.944167
-55.844167,-27.944167
-55.844167,-27.944167
-55.844167,-27.944167
-55.844167,-27.944167
-55.844167,-27.944167
-56.710833,-28.660833
-59.694167,-26.860833
-56.710833,-28.660833
-58.226389,-28.045278
-57.644167,-25.494167
-58.028611,-28.018333
-57.644167,-25.494167
-57.644167,-25.494167
-57.644167,-25.494167
-40.600278,-19.935556
-58.028611,-28.018333
-58.2775,-25.160833
-58.294167,-25.210833
-58.294167,-25.210833
-58.860833,-24.9775
-58.860833,-24.9775
-76.982563,4.002271
-47.06,-22.9
-58.839444,-27.468611
-46.144444,-22.755556
-56.383333,-27.611667
-40.273333,-19.820278
-58.071389,-28.023611
-58.226389,-28.045278
-56.637778,-29.178333
-56.637778,-29.178333
-56.637778,-29.178333
-56.637778,-29.178333
-56.637778,-29.178333
-57.694167,-36.344167
-58.839444,-27.468611
-56.818611,-29.372778
-58.839444,-27.468611
-56.637778,-29.178333
-57.694167,-36.344167
-58.653333,-27.455
-56.637778,-29.178333
-56.818611,-29.372778
-57.144167,-29.744167
-56.637778,-29.178333
-57.144167,-29.744167
-58.653333,-27.455
-57.144167,-29.744167
-58.693889,-29.276944
-56.637778,-29.178333
-52.57869,5.10964
-56.637778,-29.178333
-58.693889,-29.276944
-57.144167,-29.744167
-56.405,-27.498611
-56.383333,-27.611667
-56.383333,-27.611667
-56.383333,-27.611667
-56.383333,-27.611667
-56.405,-27.498611
-56.405,-27.498611
-56.405,-27.498611
-56.405,-27.498611
-56.405,-27.498611
-56.405,-27.498611
-56.405,-27.498611
-56.405,-27.498611
-56.405,-27.498611
-56.405,-27.498611
-56.405,-27.498611
-56.405,-27.498611
-56.405,-27.498611
-56.405,-27.498611
-56.405,-27.498611
-56.405,-27.498611
-56.405,-27.498611
-56.405,-27.498611
-56.405,-27.498611
-56.405,-27.498611
-56.405,-27.498611
-56.405,-27.498611
-56.405,-27.498611
-56.405,-27.498611
-56.405,-27.498611
-56.405,-27.498611
-56.405,-27.498611
-56.405,-27.498611
-56.405,-27.498611
-56.405,-27.498611
-56.405,-27.498611
-56.405,-27.498611
-56.110833,-27.7275
-56.405,-27.498611
-56.405,-27.498611
-57.274444,-27.769167
-73.770903,4.501342
-57.274444,-27.769167
-73.770903,4.501342
-56.4775,-28.3275
-56.6775,-28.110833
-56.728056,-28.1875
-57.1975,-28.552222
-55.860833,-28.0775
-57.1975,-28.552222
-56.728056,-28.1875
-56.728056,-28.1875
-56.6775,-28.110833
-56.6775,-28.110833
-58.243611,-27.269722
-55.860833,-28.0775
-40.052222,-18.009722
-58.839444,-27.468611
-59.990453,2.690004
-70.214917,6.737633
-70.178767,6.720133
-70.511933,6.628983
-44.663056,-10.151667
-41.393611,-11.678056
-41.393611,-11.678056
-44.663056,-10.151667
-71.552378,5.998694
-71.49689,5.90804
-71.484922,5.942536
-71.484172,5.943492
-71.497489,5.907761
-71.531175,5.996928
-71.481239,5.912244
-71.496892,5.908039
-71.484911,5.944542
-71.496892,5.908039
-71.497489,5.907761
-71.485422,5.944683
-71.460547,5.930458
-71.486439,5.934606
-71.486456,5.934686
-71.4568,5.932942
-71.486692,5.934664
-73.0471,4.18351
-71.531494,5.998236
-71.487136,5.934483
-71.484592,5.941447
-71.496892,5.908039
-71.48765,5.934064
-71.497489,5.907761
-71.484064,5.943836
-71.486325,5.934428
-71.496892,5.908039
-71.484592,5.944183
-71.552378,5.998694
-71.482881,5.912519
-71.481939,5.912339
-71.564925,6.006817
-71.497489,5.907761
-71.487136,5.934483
-73.04782,4.20604
-51.181944,-0.058889
-71.201165,5.765405
-67.85857,-5.77724
-74.481722,1.963389
-73.673,4.143583
-67.023,4.005
-67.09,3.956
-57,-19.567
-61.036944,-13.481667
-61.458056,-11.996667
-64.238611,-12.377778
-64.238611,-12.377778
-59.31,3.7522
-59.31,3.7522
-59.31,3.7522
-59.31,3.7522
-59.31,3.7522
-59.31,3.7522
-59.31,3.7522
-59.31,3.7522
-59.31,3.7522
-59.31,3.7522
-59.31,3.7522
-59.31,3.7522
-59.31,3.7522
-59.31,3.7522
-59.31,3.7522
-59.31,3.7522
-59.31,3.7522
-59.31,3.7522
-59.31,3.7522
-59.31,3.7522
-59.31,3.7522
-59.31,3.7522
-60.63996,2.84353
-60.63996,2.84353
-60.63996,2.84353
-60.63996,2.84353
-61.13969,1.83973
-60.63996,2.84353
-60.63996,2.84353
-60.63996,2.84353
-60.63996,2.84353
-61.13969,1.83973
-60.63996,2.84353
-60.63996,2.84353
-60.63996,2.84353
-61.13969,1.83973
-60.63996,2.84353
-59.3089,3.7525
-59.3089,3.7525
-59.3089,3.7525
-37.279722,-7.024444
-37.308889,-7.1625
-35.975833,-8.283333
-37.279722,-7.024444
-37.308889,-7.1625
-61.9196,10.0445
-61.925,10.0528
-52.206389,-3.203333
-39.842778,-14.283611
-39.842778,-14.283611
-51.529722,-21.48
-51.529722,-21.48
-59.8,3.38
-65.38333,-9.7
-65.38333,-9.7
-65.38333,-9.7
-65.38333,-9.7
-65.38333,-9.7
-65.38333,-9.7
-74.785556,5.08694
-73.420528,4.516139
-49.983056,-9.404722
-48.189806,-7.104725
-48.189806,-7.104725
-44.132093,-6.786381
-77.758688,-1.05746
-40.335111,-19.818889
-40.335111,-19.818889
-40.335111,-19.818889
-76.71627,-1.099046
-59.97707,5.044
-76.400578,-0.67769
-56.948444,-9.225208
-73.03445,4.19978
-72.503083,2.491806
-73.15862,3.53172
-71.776833,6.281806
-71.776944,6.281944
-71.776861,6.282028
-71.776944,6.281944
-73.18837,3.52739
-55.377233,3.444742
-71.774444,6.331111
-71.774528,6.331167
-71.773611,6.3325
-71.774444,6.331111
-71.773528,6.332444
-71.774528,6.331167
-73.22108,4.16122
-49.267137,-25.428954
-56.724556,-21.136972
-56.724444,-21.1365
-56.724556,-21.137444
-46.995556,-11.544917
-46.995556,-11.544917
-46.995556,-11.544917
-46.995556,-11.544917
-46.995556,-11.544917
-46.995556,-11.544917
-46.995556,-11.544917
-46.995556,-11.544917
-46.992861,-11.545833
-46.995556,-11.544917
-46.995556,-11.544917
-46.995556,-11.544917
-46.995556,-11.544917
-46.995556,-11.544917
-46.995556,-11.544917
-46.995556,-11.544917
-46.995556,-11.544917
-46.995556,-11.544917
-46.995722,-11.544917
-46.992861,-11.545833
-46.995556,-11.544917
-46.995556,-11.544917
-46.995556,-11.544917
-46.995556,-11.544917
-46.995556,-11.544917
-46.995556,-11.544917
-46.995556,-11.544917
-46.993972,-11.545722
-46.995556,-11.544917
-46.995556,-11.544917
-46.995556,-11.544917
-46.995556,-11.544917
-59.41125,3.177117
-59.41125,3.177117
-59.405533,3.206167
-59.405533,3.206167
-59.405533,3.206167
-59.3913,3.16735
-59.405533,3.206167
-59.408267,3.212067
-59.329883,3.30955
-59.41885,3.179033
-59.410883,3.214
-59.329883,3.30955
-59.329883,3.30955
-59.405533,3.206167
-72.375306,5.515611
-59.329883,3.30955
-59.405533,3.206167
-59.329883,3.30955
-59.405533,3.206167
-59.329883,3.30955
-59.41885,3.179033
-59.405533,3.206167
-71.134167,6.554444
-71.16,-10.39
-70.71,-9.77
-70.7,-9.98
-71.16,-10.39
-70.71,-9.77
-70.71,-9.77
-71.16,-10.39
-71.16,-10.39
-70.7,-9.98
-71.909444,6.380278
-71.909444,6.380278
-71.916944,6.381111
-71.910389,6.379667
-38.080544,-12.64976
-51.394167,-20.395556
-51.394167,-20.395556
-51.394167,-20.395556
-51.394167,-20.395556
-56.243056,-16.302222
-54.28637,4.01933
-56.243056,-16.302222
-56.242778,-16.3025
-56.240833,-16.301389
-56.240833,-16.301389
-56.2425,-16.302778
-56.240833,-16.301667
-56.241944,-16.302778
-56.240833,-16.302222
-56.242778,-16.3025
-53.83539,3.65959
-56.248611,-16.27
-56.247778,-16.269444
-56.246944,-16.268056
-56.248056,-16.269722
-56.247778,-16.269444
-56.246944,-16.268056
-59.0812,4.18269
-59.0812,4.18269
-59.0812,4.18269
-59.0812,4.18269
-59.0812,4.18269
-59.0812,4.18269
-58.5085,4.28784
-59.0812,4.18269
-58.5085,4.28784
-59.0812,4.18269
-58.907,4.25587
-58.7199,4.73568
-59.0812,4.18269
-59.0812,4.18269
-59.0812,4.18269
-58.9216,4.41379
-53.47583,3.75105
-53.84292,5.55705
-53.38449,3.20895
-53.20295,2.30532
-46.994528,-11.545022
-51.94576,3.93496
-53.92503,3.56895
-54.11071,5.0137
-53.02958,5.10837
-54.19608,3.92936
-52.4875,4.65767
-53.11431,3.02873
-53.02438,3.0289
-56.305306,-9.489639
-56.774111,-9.313278
-56.761139,-9.562917
-61.08,-14.91
-53.20544,3.57097
-52.48809,4.92898
-73.466667,3.9
-73.466667,3.9
-73.60001,3.650001
-54.589,4.82
-73.609983,3.654269
-52.30775,4.92936
-49.958694,-9.304361
-49.958694,-9.304361
-54.589,4.82
-55.921917,-9.577472
-55.921917,-9.577472
-55.921917,-9.577472
-55.921917,-9.577472
-55.921917,-9.577472
-55.921917,-9.577472
-55.921917,-9.577472
-55.921917,-9.577472
-55.921917,-9.577472
-55.921917,-9.577472
-55.921917,-9.577472
-55.921917,-9.577472
-55.921917,-9.577472
-55.921917,-9.577472
-55.921917,-9.577472
-54.738,4.27
-55.921917,-9.577472
-55.921917,-9.577472
-55.921917,-9.577472
-55.921917,-9.577472
-55.921917,-9.577472
-55.921917,-9.577472
-55.921917,-9.577472
-55.921917,-9.577472
-55.921917,-9.577472
-55.921917,-9.577472
-55.921917,-9.577472
-55.921917,-9.577472
-55.921917,-9.577472
-55.921917,-9.577472
-64.180917,-7.214222
-64.190861,-7.192361
-64.180917,-7.214222
-54.943333,-9.299806
-58.68333,5.15
-58.68333,5.15
-58.68333,5.15
-58.68333,5.15
-67.067,3.96
-66.977,4.024
-67.003,3.922
-67.09,3.956
-58.68333,5.15
-58.68333,5.15
-58.68333,5.15
-58.68333,5.15
-61.592222,-1.831944
-52.84331,2.21541
-52.84342,2.30583
-52.30509,3.30135
-52.30723,4.65803
-53.20635,3.93257
-53.166667,3.616667
-52.1268,4.56789
-52.1268,4.56789
-52.66888,5.10941
-53.3883,4.5648
-52.1252,3.39203
-53.84336,5.64741
-64.563333,-10.321389
-64.563333,-10.321389
-64.563333,-10.321389
-64.563333,-10.321389
-64.563333,-10.321389
-64.563333,-10.321389
-64.563333,-10.321389
-59.0453,5.2186
-64.563333,-10.321389
-64.563333,-10.321389
-64.563333,-10.321389
-64.563333,-10.321389
-64.563333,-10.321389
-64.563333,-10.321389
-64.563333,-10.321389
-52.93941,5.10865
-64.563333,-10.321389
-64.563333,-10.321389
-52.1268,4.56789
-73.3067,4.70382
-65.716556,-8.479389
-65.716556,-8.479389
-65.716556,-8.479389
-65.716556,-8.479389
-65.716556,-8.479389
-58.2372,5.085
-58.2372,5.085
-58.8494,4.42
-65.716556,-8.479389
-65.716556,-8.479389
-58.2372,5.085
-65.716556,-8.479389
-58.2372,5.085
-65.716556,-8.479389
-65.716556,-8.479389
-58.2372,5.085
-65.716556,-8.479389
-58.2372,5.085
-65.716556,-8.479389
-53.3883,4.5648
-65.716556,-8.479389
-61.458056,-11.996667
-58.8269,4.3375
-58.7144,4.6331
-58.8494,4.42
-58.8494,4.42
-58.8494,4.42
-58.8494,4.42
-58.8506,4.7311
-58.5094,4.285
-58.8506,4.7311
-58.8506,4.7311
-58.8506,4.7311
-58.7144,4.6331
-58.5094,4.285
-58.5094,4.285
-58.5094,4.285
-59.0244,4.7547
-59.0244,4.7547
-59.0244,4.7547
-59.0244,4.7547
-59.0244,4.7547
-72.776972,-8.258667
-72.776972,-8.258667
-72.776972,-8.258667
-72.776972,-8.258667
-72.776972,-8.258667
-72.776972,-8.258667
-72.776972,-8.258667
-72.776972,-8.258667
-72.776972,-8.258667
-72.776972,-8.258667
-52.516667,4.533333
-52.516667,4.533333
-53.02875,4.83714
-55.78,-15.42
-64.255,-12.420278
-52.66637,4.02426
-53.02653,4.02344
-66.33333,-15.16667
-66.33333,-15.16667
-66.33333,-15.16667
-54.842472,-3.150667
-54.842472,-3.150667
-54.842472,-3.150667
-54.842472,-3.150667
-54.842472,-3.150667
-54.842472,-3.150667
-54.842472,-3.150667
-54.842472,-3.150667
-54.842472,-3.150667
-54.842472,-3.150667
-54.842472,-3.150667
-54.842472,-3.150667
-54.842472,-3.150667
-54.842472,-3.150667
-54.842472,-3.150667
-54.842472,-3.150667
-54.842472,-3.150667
-54.842472,-3.150667
-54.842472,-3.150667
-52.66656,4.11469
-53.20566,3.66137
-52.66637,4.02426
-75.1781,-0.9706
-75.1781,-0.9706
-53.02875,4.83714
-53.02653,4.02344
-52.66656,4.11469
-61.2038,1.55
-61.2038,1.55
-61.2038,1.55
-61.2038,1.55
-61.2038,1.55
-61.2038,1.55
-61.2038,1.55
-61.2038,1.55
-61.17684,1.55
-61.2038,1.55
-61.2038,1.55
-61.2038,1.55
-61.2038,1.55
-61.2038,1.55
-61.2038,1.55
-75.560589,4.720454
-53.05583,4.85056
-53.02875,4.83714
-53.05583,4.85056
-68.882,-12.957
-68.88,-12.95
-60.4833,7.3666
-52.57826,4.92877
-77.6,-1.07
-77.6,-1.07
-77.6,-1.07
-77.6,-1.07
-52.66656,4.11469
-69.083333,-12.583333
-69.083333,-12.583333
-69.083333,-12.583333
-69.083333,-12.583333
-69.083333,-12.583333
-69.083333,-12.583333
-69.083333,-12.583333
-69.083333,-12.583333
-52.21678,4.4773
-39.280278,-14.785833
-39.280278,-14.785833
-39.280278,-14.785833
-69.083333,-12.583333
-69.083333,-12.583333
-69.091667,-12.616667
-39.280278,-14.785833
-67.5,-15.5
-52.30775,4.92936
-69.28,-12.83
-53.2093,4.92697
-57.18017,5.25967
-69.083333,-12.583333
-57.18017,5.25967
-57.18017,5.25967
-69.083333,-12.583333
-69.28,-12.83
-69.28,-12.83
-69.28,-12.83
-59.83,-2.33
-40.600278,-19.935556
-69.083333,-12.583333
-69.083333,-12.583333
-51.85569,3.93506
-52.30775,4.92936
-52.39636,4.11521
-76.4333,-0.25
-76.4333,-0.25
-76.4333,-0.25
-61.33,2.5
-56.497254,2.233705
-77.46667,-0.96667
-77.46667,-0.96667
-77.46667,-0.96667
-77.46667,-0.96667
-77.602188,-1.053408
-76.7333,-0.4167
-76.65,-0.1833
-77.602188,-1.053408
-69.083333,-12.583333
-69.083333,-12.583333
-69.083333,-12.583333
-69.083333,-12.583333
-69.083333,-12.583333
-69.083333,-12.583333
-69.083333,-12.583333
-69.083333,-12.583333
-69.083333,-12.583333
-69.083333,-12.583333
-69.083333,-12.583333
-69.083333,-12.583333
-69.083333,-12.583333
-69.083333,-12.583333
-69.083333,-12.583333
-69.083333,-12.583333
-69.083333,-12.583333
-52.206389,-3.203333
-52.206389,-3.203333
-52.206389,-3.203333
-52.206389,-3.203333
-77.602188,-1.053408
-77.602188,-1.053408
-77.602188,-1.053408
-77.602188,-1.053408
-77.602188,-1.053408
-77.602188,-1.053408
-76.4333,-0.25
-52.38,-3.65
-76.4333,-0.25
-76.4333,-0.25
-52.38,-3.65
-69.083333,-12.583333
-69.083333,-12.583333
-77.8,-0.9167
-77.8,-0.9167
-69.083333,-12.583333
-69.083333,-12.583333
-69.083333,-12.583333
-69.083333,-12.583333
-52.206389,-3.203333
-52.206389,-3.203333
-52.206389,-3.203333
-52.206389,-3.203333
-52.206389,-3.203333
-52.206389,-3.203333
-52.206389,-3.203333
-52.30775,4.92936
-76.4333,-0.25
-66.1611,0.8306
-66.1611,0.8306
-66.1611,0.8306
-76.4333,-0.25
-66.1611,0.8306
-66.1611,0.8306
-66.1611,0.8306
-76.4333,-0.25
-66.1611,0.8306
-76.4333,-0.25
-66.1611,0.8306
-76.4333,-0.25
-76.4333,-0.25
-63.45,-9.62
-69.2833,-12.8333
-76.4333,-0.25
-76.4333,-0.25
-69.083333,-12.583333
-69.083333,-12.583333
-69.28,-12.83
-66.1611,0.8306
-61.72,-10.8
-69.083333,-12.583333
-69.083333,-12.583333
-69.083333,-12.583333
-69.083333,-12.583333
-69.083333,-12.583333
-69.083333,-12.583333
-71.5,-11.85
-71.5,-11.85
-68.504167,-10.651944
-68.504167,-10.651944
-53.02653,4.02344
-69.083333,-12.583333
-55.749444,-15.460833
-69.293,-12.837
-43.775278,-22.852222
-55.9833,-4.28333
-55.9833,-4.28333
-43.631389,-16.797778
-43.631389,-16.797778
-44.206111,-18.36
-40.736178,-19.694797
-54.751667,-20.538056
-54.751667,-20.538056
-54.751667,-20.538056
-40.415833,-17.962222
-45.933333,-23.066667
-51.394167,-20.395556
-54.615469,-20.414347
-51.707361,-20.993472
-51.394167,-20.395556
-51.394167,-20.395556
-51.707361,-20.993472
-51.707361,-20.993472
-51.394167,-20.395556
-51.394167,-20.395556
-51.394167,-20.395556
-51.394167,-20.395556
-51.394167,-20.395556
-49.768611,-20.087222
-51.707361,-20.993472
-54.559786,-20.454742
-51.707361,-20.993472
-51.707361,-20.993472
-51.707361,-20.993472
-57.622222,-19.240833
-54.559786,-20.454742
-51.707361,-20.993472
-54.559786,-20.454742
-51.394167,-20.395556
-51.394167,-20.395556
-51.394167,-20.395556
-51.394167,-20.395556
-54.640942,-20.438239
-54.559786,-20.454742
-54.640942,-20.438239
-54.559786,-20.454742
-51.394167,-20.395556
-51.394167,-20.395556
-51.394167,-20.395556
-51.394167,-20.395556
-51.394167,-20.395556
-54.589425,-20.394353
-54.589425,-20.394353
-54.589425,-20.394353
-53.890556,-24.729722
-62,-16.36
-39.553333,-16.575833
-96.658,19.201106
-48.35,-23.4
-96.658,19.201106
-74.223854,5.968229
-74.223854,5.968229
-40.521944,-20.281111
-48.35,-23.4
-48.35,-23.4
-48.35,-23.4
-57.626667,-19.221667
-53.312222,-17.909167
-73.502221,7.371819
-73.775074,7.447812
-73.775074,7.447812
-45.133333,-23.35
-91.480583,14.28405
-91.480583,14.28405
-88.53305,17.995283
-88.53305,17.995283
-88.5265,17.9905
-47.545556,-22.396667
-88.332,19.309
-47.545556,-22.396667
-87.759694,19.762556
-73.466667,3.9
-87.76,19.763
-88.046694,19.160417
-88.016,19.222
-88.046694,19.160417
-88.047,19.16
-88.047,19.16
-88.0155,19.222083
-87.700833,21.483056
-87.700833,21.483056
-87.700833,21.483056
-87.700833,21.483056
-87.622194,19.784583
-87.622194,19.784583
-87.622,19.785
-87.700833,21.483056
-87.700833,21.483056
-87.700833,21.483056
-87.700833,21.483056
-87.700833,21.483056
-87.622,19.785
-87.700833,21.483056
-87.700833,21.483056
-87.700833,21.483056
-87.700833,21.483056
-87.700833,21.483056
-87.700833,21.483056
-87.700833,21.483056
-87.700833,21.483056
-87.700833,21.483056
-87.700833,21.483056
-88.1325,13.9589
-88.0933,13.995
-88.1019,13.9308
-87.766139,19.758139
-87.766,19.758
-87.766194,19.758222
-87.766,19.758
-90.898,16.093
-90.898,16.093
-90.898,16.093
-90.898,16.093
-90.898,16.093
-90.898333,16.0925
-90.898333,16.0925
-90.923333,16.1175
-84.866667,14.816667
-90.898,16.093
-90.898333,16.0925
-90.898,16.093
-90.898333,16.0925
-90.898,16.093
-90.898333,16.0925
-90.898333,16.0925
-90.898,16.093
-90.923,16.118
-90.923333,16.1175
-90.898,16.093
-90.923,16.118
-90.898,16.093
-90.898333,16.0925
-90.898333,16.0925
-90.898333,16.0925
-90.898333,16.0925
-90.898333,16.0925
-90.898,16.093
-90.898333,16.0925
-90.923333,16.1175
-90.923,16.118
-96.997222,19.521667
-96.961111,19.475278
-88.16667,13.95
-88.16667,13.95
-96.941667,19.581944
-96.958889,19.4775
-96.9925,19.559722
-55.70384,-26.48333
-55.6333,-26.5833
-55.5333,-26.1167
-55.7,-26.2
-55.5333,-26.1167
-55.5333,-26.1167
-55.5333,-26.1167
-94.8575,18.128611
-89.413889,18.609167
-89.909722,19.014167
-90.409,17.602
-90.296,17.235
-93.7521889,16.37216901
-93.7521889,16.37216901
-93.7521889,16.37216901
-89.451944,18.259722
-89.451944,18.259722
-89.419722,18.591667
-89.419722,18.591667
-89.419722,18.591667
-89.419722,18.591667
-89.300278,18.608056
-89.306111,18.609167
-89.438889,18.230278
-48.119722,-22.280278
-97.418333,20.033611
-89.28,19.001667
-89.28,19.001667
-85.699667,13.507
-56.429,-21.436
-89.292778,18.058333
-56.44,-21.163
-89.292778,18.058333
-89.269167,18.008056
-89.269167,18.008056
-89.292778,18.058333
-40.890833,-18.755
-40.890833,-18.755
-40.890833,-18.755
-93.738333,16.354722
-93.738333,16.354722
-98.95705475,22.56769894
-88.101667,13.995
-89.438889,18.230278
-89.438889,18.230278
-89.297778,18.627778
-54.1333,-26.6167
-54.1333,-26.6167
-54.1333,-26.6167
-54.1333,-26.6167
-54.1333,-26.6167
-54.1333,-26.6167
-54.1333,-26.6167
-54.1333,-26.6167
-54.1333,-26.6167
-79.5833,8.95
-79.5833,8.95
-79.55,8.95
-79.55,8.95
-89.419722,18.591667
-89.419722,18.591667
-88.0275,14.4465
-88.0275,14.4465
-88.0275,14.4465
-88.0275,14.4465
-88.9645,14.4615
-88.558333,17.45
-88.558333,17.45
-88.558333,17.45
-88.558333,17.45
-94.585,17.07
-94.585,17.07
-74.673854,5.450313
-74.673854,5.450313
-74.673854,5.450313
-94.660278,17.040278
-94.660278,17.058333
-94.654444,17.053333
-94.641667,17.049167
-94.660278,17.058333
-94.654444,17.053333
-94.660278,17.058333
-43.178333,-22.505
-90.869444,16.275
-90.869,16.275
-93.749,16.282
-93.749167,16.281667
-93.81,15.934
-93.749,16.282
-93.810278,15.933611
-93.749167,16.281667
-93.810278,15.933611
-93.749,16.282
-93.749167,16.281667
-93.749,16.282
-93.749167,16.281667
-93.749,16.282
-93.749167,16.281667
-93.81,15.934
-93.810278,15.933611
-93.749167,16.281667
-93.810278,15.933611
-93.81,15.934
-93.749,16.282
-93.749,16.282
-93.749167,16.281667
-93.81,15.934
-92.724,15.038
-92.724,15.038
-92.724,15.038
-92.724167,15.0375
-92.724167,15.0375
-92.724167,15.0375
-93.986111,16.401111
-93.986,16.401
-93.986111,16.401111
-93.986,16.401
-88.558333,17.45
-88.558333,17.45
-91.005556,16.759722
-91.006,16.76
-55.765836,-32.522778
-89.45,18.4
-89.45,18.4
-89.45,18.4
-89.45,18.4
-95.791667,17.475
-95.791667,17.475
-95.775,17.458333
-88.067222,21.566944
-98.741667,21.941667
-88.080556,21.567778
-65.2657,-26.8607
-65.2657,-26.8607
-65.2657,-26.8607
-65.2657,-26.8607
-65.2657,-26.8607
-65.2657,-26.8607
-47.7,-21.6
-47.7,-21.6
-47.7,-21.6
-47.7,-21.6
-47.7,-21.6
-47.7,-21.6
-47.7,-21.6
-47.7,-21.6
-47.7,-21.6
-47.7,-21.6
-47.7,-21.6
-44.439722,-22.670278
-48.759722,-24.22
-93.255556,17.631944
-99.775,16.808333
-93.256,17.632
-93.256,17.632
-93.255556,17.631944
-93.256,17.632
-93.255556,17.631944
-93.255556,17.631944
-93.256,17.632
-90.305328,20.523485
-90.305328,20.523485
-90.417847,20.544301
-87.47,20.207778
-90.370134,20.53417
-90.417847,20.544301
-86.915,20.445
-90.242778,20.506944
-90.370134,20.53417
-90.305328,20.523485
-93.244,17.625
-93.244444,17.625
-93.244,17.625
-93.244444,17.625
-93.244,17.625
-93.158333,17.591667
-93.244444,17.625
-93.158333,17.591667
-93.158333,17.591667
-103.07583,18.98972
-90.324808,20.526582
-90.242778,20.506944
-90.242778,20.506944
-90.324808,20.526582
-90.242778,20.506944
-90.305328,20.523485
-90.324808,20.526582
-90.417847,20.544301
-90.324808,20.526582
-99.758333,16.758333
-99.758333,16.758333
-99.758333,16.758333
-99.758333,16.758333
-99.758333,16.758333
-99.758333,16.758333
-99.775,16.808333
-99.775,16.808333
-99.775,16.808333
-99.775,16.808333
-99.775,16.808333
-99.775,16.808333
-99.775,16.808333
-99.775,16.808333
-99.925,18.041667
-99.62556,16.69
-99.62556,16.69
-99.62556,16.69
-99.908333,18.075
-99.775,16.808333
-95.083889,18.592778
-97.3075,19.99778
-101.74,19.45
-99.16,22.11
-88.498056,19.208056
-88.498056,19.208056
-88.498056,19.208056
-88.678611,19.118056
-95.074722,18.584167
-95.092222,18.584167
-95.092222,18.584167
-92.341667,14.819444
-92.342,14.819
-89.456468,20.253301
-92.752778,15.190556
-56.096667,-15.596111
-55.29,-26.27
-55.29,-26.27
-55.29,-26.27
-55.29,-26.27
-55.29,-26.27
-55.29,-26.27
-93.810278,15.933611
-93.195833,17.604444
-93.371,16.748
-93.371111,16.747778
-92.802778,16.552778
-92.803,16.553
-93.81,15.934
-93.196,17.604
-88.695278,18.504444
-95.092222,18.584167
-55.725,-27.1839
-57.8533,-23.5166
-93.195833,17.604444
-93.196,17.604
-93.195833,17.604444
-93.196,17.604
-95.2,16.18
-55.725,-27.1839
-55.725,-27.1839
-55.725,-27.1839
-55.725,-27.1839
-55.725,-27.1839
-63.4339,-19.42411
-57.5,-25.3
-57.5,-25.3
-57.5,-25.3
-57.5,-25.3
-57.5,-25.3
-57.5,-25.3
-56.52,-22.21
-57.5,-25.3
-91.980556,17.508333
-91.95992739,17.47073094
-91.981,17.508
-64.633333,-31.916667
-88.65,17.75
-88.65,17.75
-55.725,-27.1839
-55.725,-27.1839
-55.725,-27.1839
-55.725,-27.1839
-44.65,-22.82
-44.313889,-19.762778
-98.308333,21.441667
-44.313889,-19.762778
-88.41984588,18.63068367
-44.65,-22.82
-44.65,-22.82
-44.65,-22.82
-44.65,-22.82
-44.65,-22.82
-44.65,-22.82
-44.65,-22.82
-44.65,-22.82
-44.65,-22.82
-44.65,-22.82
-44.65,-22.82
-44.65,-22.82
-44.65,-22.82
-44.65,-22.82
-44.65,-22.82
-44.65,-22.82
-44.65,-22.82
-44.65,-22.82
-56.1708,-34.8581
-56.1708,-34.8581
-56.1708,-34.8581
-56.1708,-34.8581
-56.1708,-34.8581
-56.1708,-34.8581
-56.1708,-34.8581
-56.1708,-34.8581
-56.1708,-34.8581
-56.1708,-34.8581
-56.1708,-34.8581
-56.1708,-34.8581
-56.1708,-34.8581
-56.1708,-34.8581
-56.1708,-34.8581
-56.1708,-34.8581
-56.1708,-34.8581
-56.1708,-34.8581
-56.1708,-34.8581
-56.1708,-34.8581
-56.1708,-34.8581
-56.1708,-34.8581
-56.1708,-34.8581
-56.1708,-34.8581
-56.1708,-34.8581
-56.1708,-34.8581
-56.1708,-34.8581
-56.1708,-34.8581
-56.1708,-34.8581
-56.1708,-34.8581
-56.1708,-34.8581
-93.383333,16.776389
-93.383,16.776
-91.968056,17.495833
-91.968056,17.495833
-91.968,17.496
-91.968056,17.495833
-91.968,17.496
-91.968,17.496
-92.007,15.946
-92.007222,15.946111
-47.06,-22.9
-47.06,-22.9
-41.855556,-11.304444
-47.06,-22.9
-47.06,-22.9
-86.91759411,20.48921048
-47.06,-22.9
-47.06,-22.9
-47.06,-22.9
-47.06,-22.9
-41.855556,-11.304444
-41.855556,-11.304444
-47.06,-22.9
-47.06,-22.9
-41.0055,-20.655917
-40.0708,-19.151531
-40.183333,-20.1025
-40.183333,-20.1025
-40.183333,-20.1025
-40.606944,-20.783056
-40.645556,-20.805833
-40.645556,-20.805833
-40.645556,-20.805833
-40.645556,-20.805833
-40.624444,-20.768333
-40.072222,-19.391111
-40.072222,-19.391111
-40.072222,-19.391111
-40.645556,-20.805833
-40.645556,-20.805833
-40.645556,-20.805833
-40.645556,-20.805833
-40.645556,-20.805833
-40.645556,-20.805833
-40.645556,-20.805833
-40.645556,-20.805833
-40.645556,-20.805833
-40.645556,-20.805833
-40.645556,-20.805833
-40.645556,-20.805833
-40.645556,-20.805833
-40.645556,-20.805833
-40.645556,-20.805833
-40.645556,-20.805833
-40.645556,-20.805833
-40.645556,-20.805833
-40.645556,-20.805833
-40.645556,-20.805833
-40.645556,-20.805833
-40.645556,-20.805833
-40.645556,-20.805833
-40.645556,-20.805833
-40.645556,-20.805833
-40.645556,-20.805833
-40.645556,-20.805833
-40.645556,-20.805833
-40.600278,-19.935556
-40.600278,-19.935556
-40.645556,-20.805833
-40.585833,-20.791944
-40.585833,-20.791944
-37.07,-10.92
-37.07,-10.92
-37.42,-11.42
-37.42,-11.42
-37.07,-10.92
-37.42,-11.42
-37.07,-10.92
-40.071944,-19.391111
-37.0667,-10.7833
-37.0667,-10.7833
-37.0667,-10.7833
-37.0667,-10.7833
-37.0667,-10.7833
-40.072222,-19.391111
-40.273333,-19.820278
-35.2167,-5.78333
-49.141483,-26.863556
-49.141483,-26.863556
-48.669167,-24.562778
-49.964917,-25.064361
-50.580556,-23.162222
-50.580556,-23.162222
-50.580556,-23.162222
-50.580556,-23.162222
-48.36,-24.090278
-48.759722,-24.22
-48.34,-24
-48.34,-24
-47.7,-21.6
-47.7,-21.6
-47.7,-21.6
-47.7,-21.6
-47.7,-21.6
-47.7,-21.6
-47.7,-21.6
-47.7,-21.6
-47.7,-21.6
-47.7,-21.6
-47.7,-21.6
-47.7,-21.6
-47.7,-21.6
-48.59,-24.58
-48.59,-24.58
-48.9394,-25.4
-48.9394,-25.4
-48.9693,-25.4
-48.9394,-25.4
-48.9394,-25.4
-51.2,-30.0333
-49.5667,-28.6667
-49.5667,-28.6667
-49.5667,-28.6667
-48.36,-24.090278
-49.23333,-26.43333
-49.23333,-26.43333
-49.23333,-26.43333
-51.990556,-26.484444
-50.28155,-29.67213
-50.1993,-29.48125
-50.28155,-29.67213
-50.1993,-29.48125
-50.28155,-29.67213
-50.1993,-29.48125
-50.1993,-29.48125
-50.1993,-29.48125
-50.1993,-29.48125
-50.1993,-29.48125
-50.1993,-29.48125
-50.1993,-29.48125
-50.1993,-29.48125
-50.1993,-29.48125
-50.1993,-29.48125
-50.1993,-29.48125
-50.1993,-29.48125
-50.1993,-29.48125
-50.1993,-29.48125
-50.1993,-29.48125
-50.1993,-29.48125
-50.1993,-29.48125
-50.1993,-29.48125
-50.1993,-29.48125
-50.1993,-29.48125
-50.1993,-29.48125
-50.1993,-29.48125
-50.1993,-29.48125
-50.1993,-29.48125
-50.1993,-29.48125
-50.1993,-29.48125
-50.1993,-29.48125
-50.1993,-29.48125
-50.1993,-29.48125
-50.1993,-29.48125
-50.1993,-29.48125
-50.1993,-29.48125
-50.1993,-29.48125
-50.1993,-29.48125
-50.1993,-29.48125
-50.1993,-29.48125
-50.1993,-29.48125
-50.1993,-29.48125
-50.1993,-29.48125
-50.1993,-29.48125
-50.583333,-29.448333
-49.369444,-28.6775
-49.369444,-28.6775
-49.369444,-28.6775
-54.241993,-27.279217
-54.241993,-27.279217
-54.241993,-27.279217
-54.241993,-27.279217
-54.751667,-20.538056
-54.751667,-20.538056
-54.751667,-20.538056
-54.751667,-20.538056
-54.751667,-20.538056
-57.018889,-19.576972
-57.018889,-19.576972
-57.018889,-19.576972
-57.018889,-19.576972
-57.018889,-19.576972
-57.018889,-19.576972
-57.018889,-19.576972
-57.018889,-19.576972
-57.018889,-19.576972
-57.018889,-19.576972
-57.018889,-19.576972
-57.018889,-19.576972
-57.018889,-19.576972
-57.018889,-19.576972
-57.018889,-19.576972
-57.018889,-19.576972
-57.018889,-19.576972
-57.018889,-19.576972
-57.018889,-19.576972
-57.018889,-19.576972
-57.018889,-19.576972
-57.018889,-19.576972
-57.018889,-19.576972
-57.018889,-19.576972
-54.753306,-20.537944
-57.018889,-19.576972
-57.018889,-19.576972
-57.018889,-19.576972
-57.018889,-19.576972
-57.018889,-19.576972
-57.018889,-19.576972
-57.018889,-19.576972
-57.018889,-19.576972
-57.018889,-19.576972
-57.018889,-19.576972
-57.018889,-19.576972
-57.018889,-19.576972
-57.018889,-19.576972
-57.018889,-19.576972
-57.018889,-19.576972
-57.018889,-19.576972
-57.018889,-19.576972
-57.018889,-19.576972
-57.018889,-19.576972
-57.018889,-19.576972
-57.018889,-19.576972
-57.018889,-19.576972
-57.018889,-19.576972
-57.018889,-19.576972
-57.018889,-19.576972
-57.018889,-19.576972
-57.018889,-19.576972
-57.018889,-19.576972
-57.018889,-19.576972
-57.018889,-19.576972
-57.018889,-19.576972
-57.018889,-19.576972
-57.018889,-19.576972
-57.018889,-19.576972
-57.018889,-19.576972
-57.018889,-19.576972
-57.018889,-19.576972
-57.018889,-19.576972
-57.018889,-19.576972
-57.018889,-19.576972
-57.018889,-19.576972
-57.018889,-19.576972
-57.018889,-19.576972
-57.018889,-19.576972
-57.018889,-19.576972
-57.018889,-19.576972
-57.018889,-19.576972
-57.018889,-19.576972
-56.619111,-18.988056
-56.619111,-18.988056
-54.94,-19.801667
-56.619111,-18.988056
-56.619111,-18.988056
-56.619111,-18.988056
-54.94,-19.801667
-56.619111,-18.988056
-56.619111,-18.988056
-56.619111,-18.988056
-56.619111,-18.988056
-56.619111,-18.988056
-57.018889,-19.576972
-57.018889,-19.576972
-57.018889,-19.576972
-57.018889,-19.576972
-57.018889,-19.576972
-57.018889,-19.576972
-57.018889,-19.576972
-57.018889,-19.576972
-57.018889,-19.576972
-57.018889,-19.576972
-57.018889,-19.576972
-57.018889,-19.576972
-57.018889,-19.576972
-57.018889,-19.576972
-57.018889,-19.576972
-57.018889,-19.576972
-57.018889,-19.576972
-57.018889,-19.576972
-57.018889,-19.576972
-57.018889,-19.576972
-57.018889,-19.576972
-57.018889,-19.576972
-57.018889,-19.576972
-57.018889,-19.576972
-57.018889,-19.576972
-57.018889,-19.576972
-57.018889,-19.576972
-57.018889,-19.576972
-57.018889,-19.576972
-57.018889,-19.576972
-57.018889,-19.576972
-57.018889,-19.576972
-57.018889,-19.576972
-57.018889,-19.576972
-57.018889,-19.576972
-57.018889,-19.576972
-57.018889,-19.576972
-57.018889,-19.576972
-57.018889,-19.576972
-57.018889,-19.576972
-57.018889,-19.576972
-57.018889,-19.576972
-57.018889,-19.576972
-57.018889,-19.576972
-57.018889,-19.576972
-57.018889,-19.576972
-57.018889,-19.576972
-57.018889,-19.576972
-57.018889,-19.576972
-57.018889,-19.576972
-57.018889,-19.576972
-57.018889,-19.576972
-57.018889,-19.576972
-57.018889,-19.576972
-57.018889,-19.576972
-57.018889,-19.576972
-57.018889,-19.576972
-57.018889,-19.576972
-57.018889,-19.576972
-57.018889,-19.576972
-57.018889,-19.576972
-57.018889,-19.576972
-57.018889,-19.576972
-57.018889,-19.576972
-57.018889,-19.576972
-57.018889,-19.576972
-57.018889,-19.576972
-57.018889,-19.576972
-57.018889,-19.576972
-57.018889,-19.576972
-57.018889,-19.576972
-57.018889,-19.576972
-57.018889,-19.576972
-57.018889,-19.576972
-57.018889,-19.576972
-57.018889,-19.576972
-57.018889,-19.576972
-57.018889,-19.576972
-57.018889,-19.576972
-57.018889,-19.576972
-57.018889,-19.576972
-57.018889,-19.576972
-57.018889,-19.576972
-57.018889,-19.576972
-57.018889,-19.576972
-57.018889,-19.576972
-57.018889,-19.576972
-57.018889,-19.576972
-57.018889,-19.576972
-57.018889,-19.576972
-57.018889,-19.576972
-57.018889,-19.576972
-57.018889,-19.576972
-57.018889,-19.576972
-57.018889,-19.576972
-57.018889,-19.576972
-57.018889,-19.576972
-57.018889,-19.576972
-57.018889,-19.576972
-57.018889,-19.576972
-57.018889,-19.576972
-57.018889,-19.576972
-57.018889,-19.576972
-57.018889,-19.576972
-57.018889,-19.576972
-57.018889,-19.576972
-57.018889,-19.576972
-57.018889,-19.576972
-57.018889,-19.576972
-57.018889,-19.576972
-57.018889,-19.576972
-57.018889,-19.576972
-57.018889,-19.576972
-57.018889,-19.576972
-57.018889,-19.576972
-57.018889,-19.576972
-57.018889,-19.576972
-57.018889,-19.576972
-57.018889,-19.576972
-57.018889,-19.576972
-57.018889,-19.576972
-57.018889,-19.576972
-57.018889,-19.576972
-57.018889,-19.576972
-57.018889,-19.576972
-57.018889,-19.576972
-57.018889,-19.576972
-57.018889,-19.576972
-56.153058,-19.572096
-56.521065,-20.968508
-57.037544,-19.485006
-56.521065,-20.968508
-57.037544,-19.485006
-57.021667,-19.575221
-57.037544,-19.485006
-57.037544,-19.485006
-57.037544,-19.485006
-57.021667,-19.575221
-56.153058,-19.572096
-57.037544,-19.485006
-57.037544,-19.485006
-56.153058,-19.572096
-57.037544,-19.485006
-57.037544,-19.485006
-57.037544,-19.485006
-57.037544,-19.485006
-57.037544,-19.485006
-56.153058,-19.572096
-56.521065,-20.968508
-56.521065,-20.968508
-56.153058,-19.572096
-53.85526,-19.025
-57.037544,-19.485006
-57.037544,-19.485006
-57.019162,-19.577054
-57.510619,-19.022219
-57.510619,-19.022219
-57.019162,-19.577054
-57.510619,-19.022219
-57.510619,-19.022219
-57.510619,-19.022219
-57.510619,-19.022219
-57.510619,-19.022219
-57.510619,-19.022219
-57.011667,-19.576944
-57.011667,-19.576944
-57.011667,-19.576944
-57.011667,-19.576944
-57.011667,-19.576944
-57.011667,-19.576944
-57.011667,-19.576944
-57.011667,-19.576944
-57.011667,-19.576944
-57.011667,-19.576944
-57.011667,-19.576944
-57.011667,-19.576944
-57.011667,-19.576944
-57.011667,-19.576944
-57.011667,-19.576944
-57.011667,-19.576944
-57.011667,-19.576944
-57.011667,-19.576944
-57.011667,-19.576944
-57.011667,-19.576944
-57.011667,-19.576944
-57.011667,-19.576944
-57.011667,-19.576944
-57.011667,-19.576944
-57.011667,-19.576944
-57.011667,-19.576944
-57.011667,-19.576944
-57.011667,-19.576944
-57.011667,-19.576944
-57.011667,-19.576944
-56.621944,-18.986389
-56.621944,-18.986389
-56.621944,-18.986389
-56.621944,-18.986389
-56.621944,-18.986389
-56.621944,-18.986389
-56.621944,-18.986389
-56.621944,-18.986389
-56.621944,-18.986389
-56.621944,-18.986389
-56.621944,-18.986389
-56.621944,-18.986389
-56.621944,-18.986389
-56.621944,-18.986389
-56.621944,-18.986389
-56.621944,-18.986389
-56.621944,-18.986389
-56.621944,-18.986389
-56.621944,-18.986389
-56.621944,-18.986389
-56.621944,-18.986389
-56.621944,-18.986389
-56.621944,-18.986389
-56.621944,-18.986389
-56.621944,-18.986389
-56.621944,-18.986389
-56.621944,-18.986389
-56.621944,-18.986389
-56.621944,-18.986389
-56.621944,-18.986389
-56.621944,-18.986389
-56.621944,-18.986389
-56.621944,-18.986389
-56.621944,-18.986389
-56.621944,-18.986389
-56.621944,-18.986389
-56.621944,-18.986389
-56.621944,-18.986389
-56.621944,-18.986389
-56.621944,-18.986389
-56.621944,-18.986389
-56.621944,-18.986389
-56.621944,-18.986389
-56.621944,-18.986389
-56.621944,-18.986389
-56.621944,-18.986389
-56.621944,-18.986389
-56.621944,-18.986389
-56.621944,-18.986389
-56.621944,-18.986389
-56.621944,-18.986389
-54.751667,-20.538056
-54.751667,-20.538056
-54.753056,-20.538056
-54.751667,-20.538056
-54.751667,-20.538056
-56.794167,-19.141944
-56.794167,-19.141944
-56.794167,-19.141944
-56.794167,-19.141944
-56.794167,-19.141944
-56.794167,-19.141944
-56.794167,-19.141944
-56.794167,-19.141944
-56.794167,-19.141944
-56.794167,-19.141944
-56.794167,-19.141944
-56.794167,-19.141944
-56.794167,-19.141944
-56.794167,-19.141944
-56.794167,-19.141944
-56.794167,-19.141944
-56.794167,-19.141944
-56.794167,-19.141944
-56.794167,-19.141944
-56.794167,-19.141944
-56.794167,-19.141944
-56.794167,-19.141944
-56.794167,-19.141944
-56.794167,-19.141944
-56.794167,-19.141944
-56.794167,-19.141944
-56.794167,-19.141944
-56.794167,-19.141944
-56.794167,-19.141944
-56.794167,-19.141944
-56.794167,-19.141944
-56.794167,-19.141944
-56.794167,-19.141944
-56.794167,-19.141944
-56.794167,-19.141944
-54.75141,-20.538759
-54.75141,-20.538759
-57.018889,-19.576972
-54.753306,-20.537944
-57.018889,-19.576972
-57.018889,-19.576972
-57.018889,-19.576972
-57.018889,-19.576972
-57.018889,-19.576972
-57.018889,-19.576972
-57.018889,-19.576972
-57.018889,-19.576972
-57.018889,-19.576972
-54.75141,-20.538759
-57.018889,-19.576972
-57.018889,-19.576972
-57.018889,-19.576972
-57.018889,-19.576972
-55.066944,-20.158222
-55.066944,-20.158222
-55.066944,-20.158222
-55.066944,-20.158222
-55.066944,-20.158222
-54.75141,-20.538759
-54.75141,-20.538759
-54.75141,-20.538759
-54.75141,-20.538759
-54.75141,-20.538759
-54.75141,-20.538759
-54.75141,-20.538759
-54.75141,-20.538759
-57.018892,-19.576983
-54.75141,-20.538759
-54.75141,-20.538759
-54.75141,-20.538759
-54.75141,-20.538759
-54.75141,-20.538759
-54.75141,-20.538759
-54.75141,-20.538759
-54.75141,-20.538759
-56.2925,-23.8162
-48.950581,-19.962147
-48.371389,-24.097778
-48.950581,-19.962147
-57.018889,-19.576972
-51.707361,-20.993472
-51.707361,-20.993472
-51.707361,-20.993472
-51.707361,-20.993472
-51.394167,-20.395556
-51.394167,-20.395556
-51.707361,-20.993472
-54.679944,-20.442319
-51.707361,-20.993472
-51.707361,-20.993472
-54.679944,-20.442319
-51.394167,-20.395556
-51.394167,-20.395556
-51.707361,-20.993472
-51.707361,-20.993472
-54.679944,-20.442319
-51.707361,-20.993472
-51.394167,-20.395556
-51.394167,-20.395556
-51.394167,-20.395556
-51.707361,-20.993472
-51.707361,-20.993472
-51.707361,-20.993472
-51.707361,-20.993472
-51.707361,-20.993472
-51.394167,-20.395556
-51.707361,-20.993472
-51.707361,-20.993472
-51.394167,-20.395556
-51.394167,-20.395556
-51.707361,-20.993472
-51.707361,-20.993472
-54.559786,-20.454742
-54.679944,-20.442319
-51.707361,-20.993472
-51.394167,-20.395556
-51.394167,-20.395556
-57.721111,-21.690278
-51.394167,-20.395556
-51.394167,-20.395556
-51.394167,-20.395556
-51.394167,-20.395556
-51.394167,-20.395556
-51.394167,-20.395556
-51.394167,-20.395556
-51.394167,-20.395556
-51.394167,-20.395556
-51.394167,-20.395556
-51.394167,-20.395556
-54.589425,-20.394353
-51.394167,-20.395556
-51.394167,-20.395556
-51.394167,-20.395556
-56.440328,-21.456892
-54.641336,-20.506544
-54.641336,-20.506544
-51.707361,-20.993472
-51.707361,-20.993472
-51.707361,-20.993472
-51.707361,-20.993472
-56.516944,-20.981389
-51.707361,-20.993472
-51.707361,-20.993472
-56.516944,-20.981389
-51.707361,-20.993472
-51.707361,-20.993472
-51.707361,-20.993472
-51.707361,-20.993472
-51.707361,-20.993472
-51.707361,-20.993472
-51.707361,-20.993472
-51.707361,-20.993472
-51.707361,-20.993472
-51.707361,-20.993472
-51.707361,-20.993472
-51.394167,-20.395556
-51.394167,-20.395556
-51.394167,-20.395556
-51.394167,-20.395556
-51.394167,-20.395556
-39.852778,-19.548889
-40.770639,-20.513917
-41.471944,-22.106667
-40.600278,-19.935556
-40.600278,-19.935556
-40.600278,-19.935556
-40.600278,-19.935556
-40.072222,-19.391111
-40.072222,-19.391111
-40.072222,-19.391111
-39.958333,-19.422222
-37.42,-11.42
-40.600278,-19.935556
-40.600278,-19.935556
-40.600278,-19.935556
-42.98333,-22.43333
-42.98333,-22.43333
-42.98333,-22.43333
-42.98333,-22.43333
-42.98333,-22.43333
-60.740903,-17.843953
-40.6,-19.91667
-40.6,-19.91667
-40.6,-19.91667
-43.5935,-23.0382
-43.5935,-23.0382
-43.1167,-22.9833
-43.1167,-22.9833
-43.1167,-22.9833
-43.1167,-22.9833
-43.1167,-22.9833
-43.1167,-22.9833
-43.1167,-22.9833
-43.3667,-22.8
-43.1167,-22.9833
-39.85,-18.73333
-44.132093,-6.786381
-42.497222,-11.825278
-42.497222,-11.825278
-42.509444,-11.854722
-42.507778,-11.819167
-42.509444,-11.854722
-44.66,-10.157778
-42.507778,-11.819167
-42.497222,-11.825278
-46.738906,-12.928008
-46.738906,-12.928008
-48.498705,-7.241106
-48.498705,-7.241106
-43.744183,-16.8123
-43.744183,-16.8123
-37.07,-10.92
-37.07,-10.92
-34.906389,-7.834444
-36.0309,-8.34727
-39.7333,-7.18333
-41.709167,-3.928333
-40.430556,-13.441111
-41.75,-6.08351
-37.95,-7.2
-37.95,-7.2
-35.2167,-5.78333
-35.2167,-5.78333
-38.719053,-3.888611
-46.7658,-12.9008
-62,-16.36
-62,-16.36
-36.0309,-8.34727
-39.7333,-7.18333
-39.7333,-7.18333
-39.7333,-7.18333
-39.7333,-7.18333
-39.7333,-7.18333
-39.7333,-7.18333
-39.7333,-7.18333
-39.7333,-7.18333
-35.2167,-5.78333
-34.9,-8.05
-38.67,-3.88
-38.67,-3.88
-36.7833,-6.41667
-38.67,-3.88
-38.888056,-12.554444
-62.0022,-16.3622
-35.8833,-7.21667
-36.7833,-6.41667
-38.67,-3.88
-36.7833,-6.41667
-39.580278,-16.377778
-39.842778,-14.283611
-39.842778,-14.283611